model,mean_f1,std_f1,mean_recall,std_recall,mean_auprc,std_auprc
Logistic Regression,0.7362314609436209,0.03203083073504932,0.6346153846153847,0.03824404316500594,0.7625674681864939,0.07242864686673024
